Suite/Test/Step Name,Browser,Description,Tag,Start time,End time,Duration,Status
TS_01_Negative,Firefox 86.0,,,2021-03-02 10:07:48,2021-03-02 10:08:58,1m - 10.180s,PASSED
,,,,,,,
Test Cases/Midtrans/CO01_Navigate to url,Firefox 86.0,,,2021-03-02 10:07:51,2021-03-02 10:08:06,15.679s,PASSED
"openBrowser("""")",Firefox 86.0,,,2021-03-02 10:07:52,2021-03-02 10:08:02,10.106s,PASSED
navigateToUrl(webUrl),Firefox 86.0,,,2021-03-02 10:08:02,2021-03-02 10:08:06,4.394s,PASSED
actualResult = getUrl(),Firefox 86.0,,,2021-03-02 10:08:06,2021-03-02 10:08:06,0.040s,PASSED
"expectedResult = ""https://demo.midtrans.com/""",Firefox 86.0,,,2021-03-02 10:08:06,2021-03-02 10:08:06,0.001s,PASSED
"verifyMatch(actualResult, expectedResult, false)",Firefox 86.0,,,2021-03-02 10:08:06,2021-03-02 10:08:06,0.061s,PASSED
,,,,,,,
Test Cases/Midtrans/CO02_Add to cart,Firefox 86.0,,,2021-03-02 10:08:06,2021-03-02 10:08:08,1.556s,PASSED
"click(findTestObject(""Midtrans/Main/btn_buy""))",Firefox 86.0,,,2021-03-02 10:08:07,2021-03-02 10:08:08,0.705s,PASSED
,,,,,,,
Test Cases/Midtrans/CO03_Checkout process,Firefox 86.0,,,2021-03-02 10:08:08,2021-03-02 10:08:14,5.928s,PASSED
"setText(findTestObject(""Midtrans/Shopping Cart/txt_amount_rupiah""), ""30000"")",Firefox 86.0,,,2021-03-02 10:08:09,2021-03-02 10:08:09,0.674s,PASSED
"setText(findTestObject(""Midtrans/Shopping Cart/txt_name""), name)",Firefox 86.0,,,2021-03-02 10:08:09,2021-03-02 10:08:10,0.749s,PASSED
"setText(findTestObject(""Midtrans/Shopping Cart/txt_email""), email)",Firefox 86.0,,,2021-03-02 10:08:10,2021-03-02 10:08:11,0.808s,PASSED
"setText(findTestObject(""Midtrans/Shopping Cart/txt_phone_number""), phone)",Firefox 86.0,,,2021-03-02 10:08:11,2021-03-02 10:08:11,0.593s,PASSED
"setText(findTestObject(""Midtrans/Shopping Cart/txt_city""), city)",Firefox 86.0,,,2021-03-02 10:08:11,2021-03-02 10:08:12,0.598s,PASSED
"setText(findTestObject(""Midtrans/Shopping Cart/txt_address""), address)",Firefox 86.0,,,2021-03-02 10:08:12,2021-03-02 10:08:13,0.610s,PASSED
"setText(findTestObject(""Midtrans/Shopping Cart/txt_postal_code""), postalcode)",Firefox 86.0,,,2021-03-02 10:08:13,2021-03-02 10:08:13,0.562s,PASSED
"click(findTestObject(""Midtrans/Shopping Cart/btn_checkout""), STOP_ON_FAILURE)",Firefox 86.0,,,2021-03-02 10:08:13,2021-03-02 10:08:14,0.524s,PASSED
,,,,,,,
Test Cases/Midtrans/CO04_Order summary,Firefox 86.0,,,2021-03-02 10:08:14,2021-03-02 10:08:18,3.856s,PASSED
"switchToFrame(findTestObject(""Midtrans/Order Summary/order_summary_frame""), 0)",Firefox 86.0,,,2021-03-02 10:08:14,2021-03-02 10:08:14,0.340s,PASSED
delay(2),Firefox 86.0,,,2021-03-02 10:08:14,2021-03-02 10:08:16,2.011s,PASSED
"actualResult = getText(findTestObject(""Midtrans/Order Summary/name_product""))",Firefox 86.0,,,2021-03-02 10:08:16,2021-03-02 10:08:17,0.144s,PASSED
"expectedResult = ""Midtrans Pillow""",Firefox 86.0,,,2021-03-02 10:08:17,2021-03-02 10:08:17,0.000s,PASSED
"verifyMatch(actualResult, expectedResult, false)",Firefox 86.0,,,2021-03-02 10:08:17,2021-03-02 10:08:17,0.003s,PASSED
"actualAmount = getText(findTestObject(""Midtrans/Order Summary/table_amount""))",Firefox 86.0,,,2021-03-02 10:08:17,2021-03-02 10:08:17,0.096s,PASSED
"expectedAmount = ""30,000""",Firefox 86.0,,,2021-03-02 10:08:17,2021-03-02 10:08:17,0.000s,PASSED
"verifyMatch(actualAmount, expectedAmount, false)",Firefox 86.0,,,2021-03-02 10:08:17,2021-03-02 10:08:17,0.003s,PASSED
"click(findTestObject(""Midtrans/Order Summary/shipping_detail_tab""))",Firefox 86.0,,,2021-03-02 10:08:17,2021-03-02 10:08:17,0.318s,PASSED
"actualAmount = getText(findTestObject(""Midtrans/Order Summary/name_detail""))",Firefox 86.0,,,2021-03-02 10:08:17,2021-03-02 10:08:17,0.092s,PASSED
"expectedAmount = ""Budi Utomo""",Firefox 86.0,,,2021-03-02 10:08:17,2021-03-02 10:08:17,0.001s,PASSED
"verifyMatch(actualAmount, expectedAmount, false)",Firefox 86.0,,,2021-03-02 10:08:17,2021-03-02 10:08:17,0.003s,PASSED
"actualAmount = getText(findTestObject(""Midtrans/Order Summary/address_detail""))",Firefox 86.0,,,2021-03-02 10:08:17,2021-03-02 10:08:17,0.084s,PASSED
"expectedAmount = ""Jl. Kenangan No 5 Bandung 55166""",Firefox 86.0,,,2021-03-02 10:08:17,2021-03-02 10:08:17,0.001s,PASSED
"verifyMatch(actualAmount, expectedAmount, false)",Firefox 86.0,,,2021-03-02 10:08:17,2021-03-02 10:08:17,0.003s,PASSED
"actualAmount = getText(findTestObject(""Midtrans/Order Summary/phone_number_detail""))",Firefox 86.0,,,2021-03-02 10:08:17,2021-03-02 10:08:17,0.100s,PASSED
"expectedAmount = ""+62887654321""",Firefox 86.0,,,2021-03-02 10:08:17,2021-03-02 10:08:17,0.000s,PASSED
"verifyMatch(actualAmount, expectedAmount, false)",Firefox 86.0,,,2021-03-02 10:08:17,2021-03-02 10:08:17,0.004s,PASSED
"actualAmount = getText(findTestObject(""Midtrans/Order Summary/email_detail""))",Firefox 86.0,,,2021-03-02 10:08:17,2021-03-02 10:08:17,0.106s,PASSED
"expectedAmount = ""budi@utomo.com""",Firefox 86.0,,,2021-03-02 10:08:17,2021-03-02 10:08:17,0.001s,PASSED
"verifyMatch(actualAmount, expectedAmount, false)",Firefox 86.0,,,2021-03-02 10:08:17,2021-03-02 10:08:17,0.003s,PASSED
"click(findTestObject(""Midtrans/Order Summary/btn_continue""))",Firefox 86.0,,,2021-03-02 10:08:17,2021-03-02 10:08:18,0.087s,PASSED
,,,,,,,
Test Cases/Midtrans/CO06_Payment using invalid,Firefox 86.0,,,2021-03-02 10:08:18,2021-03-02 10:08:21,3.745s,PASSED
"click(findTestObject(""Midtrans/Select Payment/select_payment_cc""))",Firefox 86.0,,,2021-03-02 10:08:18,2021-03-02 10:08:18,0.124s,PASSED
"setText(findTestObject(""Midtrans/Credit_Debit Card/txt_expdate""), ""0125"")",Firefox 86.0,,,2021-03-02 10:08:18,2021-03-02 10:08:18,0.208s,PASSED
"setEncryptedText(findTestObject(""Midtrans/Credit_Debit Card/txt_cvv""), ""tzH6RvlfSTg="")",Firefox 86.0,,,2021-03-02 10:08:18,2021-03-02 10:08:19,0.454s,PASSED
"setText(findTestObject(""Midtrans/Credit_Debit Card/txt_cc""), ""4811111111111113"")",Firefox 86.0,,,2021-03-02 10:08:19,2021-03-02 10:08:19,0.362s,PASSED
"click(findTestObject(""Midtrans/Credit_Debit Card/chkbox_promo_10""))",Firefox 86.0,,,2021-03-02 10:08:19,2021-03-02 10:08:20,0.368s,PASSED
"actualAmount = getText(findTestObject(""Object Repository/Midtrans/Credit_Debit Card/amount_discount""))",Firefox 86.0,,,2021-03-02 10:08:20,2021-03-02 10:08:20,0.128s,PASSED
"expectedAmount = ""29,990""",Firefox 86.0,,,2021-03-02 10:08:20,2021-03-02 10:08:20,0.000s,PASSED
"verifyMatch(actualAmount, expectedAmount, false)",Firefox 86.0,,,2021-03-02 10:08:20,2021-03-02 10:08:20,0.003s,PASSED
"click(findTestObject(""Midtrans/Credit_Debit Card/btn_paynow""))",Firefox 86.0,,,2021-03-02 10:08:20,2021-03-02 10:08:20,0.320s,PASSED
"actualError = getText(findTestObject(""Midtrans/Credit_Debit Card/error_invalidcc""))",Firefox 86.0,,,2021-03-02 10:08:20,2021-03-02 10:08:20,0.102s,PASSED
"expectedError = ""Invalid card number""",Firefox 86.0,,,2021-03-02 10:08:20,2021-03-02 10:08:20,0.001s,PASSED
"verifyMatch(actualError, expectedError, false)",Firefox 86.0,,,2021-03-02 10:08:20,2021-03-02 10:08:20,0.004s,PASSED
closeBrowser(),Firefox 86.0,,,2021-03-02 10:08:20,2021-03-02 10:08:21,1.188s,PASSED
,,,,,,,
Test Cases/Midtrans/CO07_Change price,Firefox 86.0,,,2021-03-02 10:08:21,2021-03-02 10:08:47,26.059s,PASSED
openBrowser(webUrl),Firefox 86.0,,,2021-03-02 10:08:22,2021-03-02 10:08:31,9.469s,PASSED
"click(findTestObject(""Midtrans/Main/btn_buy""))",Firefox 86.0,,,2021-03-02 10:08:31,2021-03-02 10:08:32,0.807s,PASSED
"setText(findTestObject(""Midtrans/Shopping Cart/txt_amount_rupiah""), ""30000"")",Firefox 86.0,,,2021-03-02 10:08:32,2021-03-02 10:08:33,0.771s,PASSED
"click(findTestObject(""Midtrans/Shopping Cart/btn_checkout""), STOP_ON_FAILURE)",Firefox 86.0,,,2021-03-02 10:08:33,2021-03-02 10:08:33,0.736s,PASSED
closeBrowser(),Firefox 86.0,,,2021-03-02 10:08:33,2021-03-02 10:08:34,0.967s,PASSED
openBrowser(webUrl),Firefox 86.0,,,2021-03-02 10:08:34,2021-03-02 10:08:41,6.414s,PASSED
"actualPrice = getText(findTestObject(""Midtrans/Main/price_item""))",Firefox 86.0,,,2021-03-02 10:08:41,2021-03-02 10:08:41,0.560s,PASSED
"expectedPrice = ""30,000""",Firefox 86.0,,,2021-03-02 10:08:41,2021-03-02 10:08:41,0.001s,PASSED
if (actualPrice != expectedPrice),Firefox 86.0,,,2021-03-02 10:08:41,2021-03-02 10:08:47,6.008s,PASSED
,,,,,,,
Test Cases/Midtrans/CO09_Invalid customer data,Firefox 86.0,,,2021-03-02 10:08:47,2021-03-02 10:08:58,10.623s,PASSED
deleteAllCookies(),Firefox 86.0,,,2021-03-02 10:08:48,2021-03-02 10:08:48,0.014s,PASSED
"NegativeData = findTestData(""Data Files/Midtrans/Database Negative"")",Firefox 86.0,,,2021-03-02 10:08:48,2021-03-02 10:08:48,0.035s,PASSED
"for ([baris = 1, baris <= 3, (baris++)])",Firefox 86.0,,,2021-03-02 10:08:48,2021-03-02 10:08:56,8.242s,PASSED
closeBrowser(),Firefox 86.0,,,2021-03-02 10:08:56,2021-03-02 10:08:58,1.776s,PASSED
