Suite/Test/Step Name,Browser,Description,Tag,Start time,End time,Duration,Status
TS_00_Positive,Firefox 86.0,,,2021-03-01 14:23:51,2021-03-01 14:24:42,51.136s,PASSED
,,,,,,,
Test Cases/Midtrans/CO01_Navigate to url,Firefox 86.0,,,2021-03-01 14:23:53,2021-03-01 14:24:05,12.232s,PASSED
"openBrowser("""")",Firefox 86.0,,,2021-03-01 14:23:54,2021-03-01 14:24:01,7.122s,PASSED
navigateToUrl(webUrl),Firefox 86.0,,,2021-03-01 14:24:01,2021-03-01 14:24:05,4.296s,PASSED
actualResult = getUrl(),Firefox 86.0,,,2021-03-01 14:24:05,2021-03-01 14:24:05,0.050s,PASSED
"expectedResult = ""https://demo.midtrans.com/""",Firefox 86.0,,,2021-03-01 14:24:05,2021-03-01 14:24:05,0.001s,PASSED
"verifyMatch(actualResult, expectedResult, false)",Firefox 86.0,,,2021-03-01 14:24:05,2021-03-01 14:24:05,0.049s,PASSED
,,,,,,,
Test Cases/Midtrans/CO02_Add to cart,Firefox 86.0,,,2021-03-01 14:24:05,2021-03-01 14:24:07,1.513s,PASSED
"click(findTestObject(""Midtrans/Main/btn_buy""))",Firefox 86.0,,,2021-03-01 14:24:06,2021-03-01 14:24:07,0.916s,PASSED
,,,,,,,
Test Cases/Midtrans/CO03_Checkout process,Firefox 86.0,,,2021-03-01 14:24:07,2021-03-01 14:24:13,5.886s,PASSED
"setText(findTestObject(""Midtrans/Shopping Cart/txt_amount_rupiah""), ""30000"")",Firefox 86.0,,,2021-03-01 14:24:07,2021-03-01 14:24:08,0.668s,PASSED
"setText(findTestObject(""Midtrans/Shopping Cart/txt_name""), name)",Firefox 86.0,,,2021-03-01 14:24:08,2021-03-01 14:24:09,1.064s,PASSED
"setText(findTestObject(""Midtrans/Shopping Cart/txt_email""), email)",Firefox 86.0,,,2021-03-01 14:24:09,2021-03-01 14:24:10,0.626s,PASSED
"setText(findTestObject(""Midtrans/Shopping Cart/txt_phone_number""), phone)",Firefox 86.0,,,2021-03-01 14:24:10,2021-03-01 14:24:10,0.621s,PASSED
"setText(findTestObject(""Midtrans/Shopping Cart/txt_city""), city)",Firefox 86.0,,,2021-03-01 14:24:10,2021-03-01 14:24:11,0.569s,PASSED
"setText(findTestObject(""Midtrans/Shopping Cart/txt_address""), address)",Firefox 86.0,,,2021-03-01 14:24:11,2021-03-01 14:24:12,0.655s,PASSED
"setText(findTestObject(""Midtrans/Shopping Cart/txt_postal_code""), postalcode)",Firefox 86.0,,,2021-03-01 14:24:12,2021-03-01 14:24:12,0.581s,PASSED
"click(findTestObject(""Midtrans/Shopping Cart/btn_checkout""), STOP_ON_FAILURE)",Firefox 86.0,,,2021-03-01 14:24:12,2021-03-01 14:24:13,0.525s,PASSED
,,,,,,,
Test Cases/Midtrans/CO04_Order summary,Firefox 86.0,,,2021-03-01 14:24:13,2021-03-01 14:24:17,4.091s,PASSED
"switchToFrame(findTestObject(""Midtrans/Order Summary/order_summary_frame""), 0)",Firefox 86.0,,,2021-03-01 14:24:13,2021-03-01 14:24:14,0.654s,PASSED
delay(2),Firefox 86.0,,,2021-03-01 14:24:14,2021-03-01 14:24:16,2.016s,PASSED
"actualResult = getText(findTestObject(""Midtrans/Order Summary/name_product""))",Firefox 86.0,,,2021-03-01 14:24:16,2021-03-01 14:24:16,0.107s,PASSED
"expectedResult = ""Midtrans Pillow""",Firefox 86.0,,,2021-03-01 14:24:16,2021-03-01 14:24:16,0.001s,PASSED
"verifyMatch(actualResult, expectedResult, false)",Firefox 86.0,,,2021-03-01 14:24:16,2021-03-01 14:24:16,0.003s,PASSED
"actualAmount = getText(findTestObject(""Midtrans/Order Summary/table_amount""))",Firefox 86.0,,,2021-03-01 14:24:16,2021-03-01 14:24:16,0.074s,PASSED
"expectedAmount = ""30,000""",Firefox 86.0,,,2021-03-01 14:24:16,2021-03-01 14:24:16,0.000s,PASSED
"verifyMatch(actualAmount, expectedAmount, false)",Firefox 86.0,,,2021-03-01 14:24:16,2021-03-01 14:24:16,0.003s,PASSED
"click(findTestObject(""Midtrans/Order Summary/shipping_detail_tab""))",Firefox 86.0,,,2021-03-01 14:24:16,2021-03-01 14:24:16,0.300s,PASSED
"actualAmount = getText(findTestObject(""Midtrans/Order Summary/name_detail""))",Firefox 86.0,,,2021-03-01 14:24:16,2021-03-01 14:24:16,0.075s,PASSED
"expectedAmount = ""Budi Utomo""",Firefox 86.0,,,2021-03-01 14:24:16,2021-03-01 14:24:16,0.000s,PASSED
"verifyMatch(actualAmount, expectedAmount, false)",Firefox 86.0,,,2021-03-01 14:24:16,2021-03-01 14:24:16,0.002s,PASSED
"actualAmount = getText(findTestObject(""Midtrans/Order Summary/address_detail""))",Firefox 86.0,,,2021-03-01 14:24:16,2021-03-01 14:24:17,0.108s,PASSED
"expectedAmount = ""Jl. Kenangan No 5 Bandung 55166""",Firefox 86.0,,,2021-03-01 14:24:17,2021-03-01 14:24:17,0.001s,PASSED
"verifyMatch(actualAmount, expectedAmount, false)",Firefox 86.0,,,2021-03-01 14:24:17,2021-03-01 14:24:17,0.003s,PASSED
"actualAmount = getText(findTestObject(""Midtrans/Order Summary/phone_number_detail""))",Firefox 86.0,,,2021-03-01 14:24:17,2021-03-01 14:24:17,0.094s,PASSED
"expectedAmount = ""+62887654321""",Firefox 86.0,,,2021-03-01 14:24:17,2021-03-01 14:24:17,0.001s,PASSED
"verifyMatch(actualAmount, expectedAmount, false)",Firefox 86.0,,,2021-03-01 14:24:17,2021-03-01 14:24:17,0.003s,PASSED
"actualAmount = getText(findTestObject(""Midtrans/Order Summary/email_detail""))",Firefox 86.0,,,2021-03-01 14:24:17,2021-03-01 14:24:17,0.083s,PASSED
"expectedAmount = ""budi@utomo.com""",Firefox 86.0,,,2021-03-01 14:24:17,2021-03-01 14:24:17,0.000s,PASSED
"verifyMatch(actualAmount, expectedAmount, false)",Firefox 86.0,,,2021-03-01 14:24:17,2021-03-01 14:24:17,0.003s,PASSED
"click(findTestObject(""Midtrans/Order Summary/btn_continue""))",Firefox 86.0,,,2021-03-01 14:24:17,2021-03-01 14:24:17,0.102s,PASSED
,,,,,,,
Test Cases/Midtrans/CO05_Payment process,Firefox 86.0,,,2021-03-01 14:24:17,2021-03-01 14:24:42,25.503s,PASSED
switchToDefaultContent(),Firefox 86.0,,,2021-03-01 14:24:18,2021-03-01 14:24:18,0.028s,PASSED
"click(findTestObject(""Object Repository/Record Midtrans/Page_Sample Store/select_cc""))",Firefox 86.0,,,2021-03-01 14:24:18,2021-03-01 14:24:18,0.476s,PASSED
"setText(findTestObject(""Object Repository/Record Midtrans/Page_Sample Store/txt_cc""), ""4811 1111 1111 1114"")",Firefox 86.0,,,2021-03-01 14:24:18,2021-03-01 14:24:19,0.645s,PASSED
"setText(findTestObject(""Object Repository/Record Midtrans/Page_Sample Store/txt_exp_cc""), ""01 / 25"")",Firefox 86.0,,,2021-03-01 14:24:19,2021-03-01 14:24:19,0.671s,PASSED
"setText(findTestObject(""Object Repository/Record Midtrans/Page_Sample Store/txt_cvv""), ""123"")",Firefox 86.0,,,2021-03-01 14:24:19,2021-03-01 14:24:20,0.504s,PASSED
"click(findTestObject(""Object Repository/Record Midtrans/Page_Sample Store/promo_10""))",Firefox 86.0,,,2021-03-01 14:24:20,2021-03-01 14:24:21,0.650s,PASSED
"click(findTestObject(""Object Repository/Record Midtrans/Page_Sample Store/btn_PAYNOW""))",Firefox 86.0,,,2021-03-01 14:24:21,2021-03-01 14:24:21,0.576s,PASSED
delay(10),Firefox 86.0,,,2021-03-01 14:24:21,2021-03-01 14:24:31,10.003s,PASSED
"setEncryptedText(findTestObject(""Object Repository/Record Midtrans/Page_Sample Store/txt_password_otp""), ""4tAN/DuJV7Y="")",Firefox 86.0,,,2021-03-01 14:24:31,2021-03-01 14:24:32,0.532s,PASSED
"click(findTestObject(""Object Repository/Record Midtrans/Page_Sample Store/btn_OK_otp""))",Firefox 86.0,,,2021-03-01 14:24:32,2021-03-01 14:24:33,1.286s,PASSED
delay(7),Firefox 86.0,,,2021-03-01 14:24:33,2021-03-01 14:24:40,7.004s,PASSED
"verifyTextPresent(""Thank you for your purchase."", false)",Firefox 86.0,,,2021-03-01 14:24:40,2021-03-01 14:24:41,0.654s,PASSED
"verifyTextPresent(""Get a nice sleep."", false)",Firefox 86.0,,,2021-03-01 14:24:41,2021-03-01 14:24:41,0.696s,PASSED
closeBrowser(),Firefox 86.0,,,2021-03-01 14:24:41,2021-03-01 14:24:42,1.052s,PASSED
