Suite/Test/Step Name,Browser,Description,Tag,Start time,End time,Duration,Status
TS_01_Negative,Firefox 86.0,,,2021-03-01 15:16:45,2021-03-01 15:17:51,1m - 6.404s,PASSED
,,,,,,,
Test Cases/Midtrans/CO01_Navigate to url,Firefox 86.0,,,2021-03-01 15:16:46,2021-03-01 15:16:58,11.676s,PASSED
"openBrowser("""")",Firefox 86.0,,,2021-03-01 15:16:47,2021-03-01 15:16:54,6.505s,PASSED
navigateToUrl(webUrl),Firefox 86.0,,,2021-03-01 15:16:54,2021-03-01 15:16:58,4.454s,PASSED
actualResult = getUrl(),Firefox 86.0,,,2021-03-01 15:16:58,2021-03-01 15:16:58,0.037s,PASSED
"expectedResult = ""https://demo.midtrans.com/""",Firefox 86.0,,,2021-03-01 15:16:58,2021-03-01 15:16:58,0.001s,PASSED
"verifyMatch(actualResult, expectedResult, false)",Firefox 86.0,,,2021-03-01 15:16:58,2021-03-01 15:16:58,0.061s,PASSED
,,,,,,,
Test Cases/Midtrans/CO02_Add to cart,Firefox 86.0,,,2021-03-01 15:16:58,2021-03-01 15:16:59,1.266s,PASSED
"click(findTestObject(""Midtrans/Main/btn_buy""))",Firefox 86.0,,,2021-03-01 15:16:59,2021-03-01 15:16:59,0.683s,PASSED
,,,,,,,
Test Cases/Midtrans/CO03_Checkout process,Firefox 86.0,,,2021-03-01 15:16:59,2021-03-01 15:17:05,6.065s,PASSED
"setText(findTestObject(""Midtrans/Shopping Cart/txt_amount_rupiah""), ""30000"")",Firefox 86.0,,,2021-03-01 15:17:00,2021-03-01 15:17:01,0.641s,PASSED
"setText(findTestObject(""Midtrans/Shopping Cart/txt_name""), name)",Firefox 86.0,,,2021-03-01 15:17:01,2021-03-01 15:17:02,0.815s,PASSED
"setText(findTestObject(""Midtrans/Shopping Cart/txt_email""), email)",Firefox 86.0,,,2021-03-01 15:17:02,2021-03-01 15:17:02,0.901s,PASSED
"setText(findTestObject(""Midtrans/Shopping Cart/txt_phone_number""), phone)",Firefox 86.0,,,2021-03-01 15:17:02,2021-03-01 15:17:03,0.616s,PASSED
"setText(findTestObject(""Midtrans/Shopping Cart/txt_city""), city)",Firefox 86.0,,,2021-03-01 15:17:03,2021-03-01 15:17:04,0.605s,PASSED
"setText(findTestObject(""Midtrans/Shopping Cart/txt_address""), address)",Firefox 86.0,,,2021-03-01 15:17:04,2021-03-01 15:17:04,0.634s,PASSED
"setText(findTestObject(""Midtrans/Shopping Cart/txt_postal_code""), postalcode)",Firefox 86.0,,,2021-03-01 15:17:04,2021-03-01 15:17:05,0.574s,PASSED
"click(findTestObject(""Midtrans/Shopping Cart/btn_checkout""), STOP_ON_FAILURE)",Firefox 86.0,,,2021-03-01 15:17:05,2021-03-01 15:17:05,0.528s,PASSED
,,,,,,,
Test Cases/Midtrans/CO04_Order summary,Firefox 86.0,,,2021-03-01 15:17:05,2021-03-01 15:17:09,3.847s,PASSED
"switchToFrame(findTestObject(""Midtrans/Order Summary/order_summary_frame""), 0)",Firefox 86.0,,,2021-03-01 15:17:06,2021-03-01 15:17:06,0.356s,PASSED
delay(2),Firefox 86.0,,,2021-03-01 15:17:06,2021-03-01 15:17:08,2.015s,PASSED
"actualResult = getText(findTestObject(""Midtrans/Order Summary/name_product""))",Firefox 86.0,,,2021-03-01 15:17:08,2021-03-01 15:17:08,0.118s,PASSED
"expectedResult = ""Midtrans Pillow""",Firefox 86.0,,,2021-03-01 15:17:08,2021-03-01 15:17:08,0.001s,PASSED
"verifyMatch(actualResult, expectedResult, false)",Firefox 86.0,,,2021-03-01 15:17:08,2021-03-01 15:17:08,0.003s,PASSED
"actualAmount = getText(findTestObject(""Midtrans/Order Summary/table_amount""))",Firefox 86.0,,,2021-03-01 15:17:08,2021-03-01 15:17:08,0.072s,PASSED
"expectedAmount = ""30,000""",Firefox 86.0,,,2021-03-01 15:17:08,2021-03-01 15:17:08,0.000s,PASSED
"verifyMatch(actualAmount, expectedAmount, false)",Firefox 86.0,,,2021-03-01 15:17:08,2021-03-01 15:17:08,0.002s,PASSED
"click(findTestObject(""Midtrans/Order Summary/shipping_detail_tab""))",Firefox 86.0,,,2021-03-01 15:17:08,2021-03-01 15:17:09,0.302s,PASSED
"actualAmount = getText(findTestObject(""Midtrans/Order Summary/name_detail""))",Firefox 86.0,,,2021-03-01 15:17:09,2021-03-01 15:17:09,0.103s,PASSED
"expectedAmount = ""Budi Utomo""",Firefox 86.0,,,2021-03-01 15:17:09,2021-03-01 15:17:09,0.002s,PASSED
"verifyMatch(actualAmount, expectedAmount, false)",Firefox 86.0,,,2021-03-01 15:17:09,2021-03-01 15:17:09,0.003s,PASSED
"actualAmount = getText(findTestObject(""Midtrans/Order Summary/address_detail""))",Firefox 86.0,,,2021-03-01 15:17:09,2021-03-01 15:17:09,0.089s,PASSED
"expectedAmount = ""Jl. Kenangan No 5 Bandung 55166""",Firefox 86.0,,,2021-03-01 15:17:09,2021-03-01 15:17:09,0.000s,PASSED
"verifyMatch(actualAmount, expectedAmount, false)",Firefox 86.0,,,2021-03-01 15:17:09,2021-03-01 15:17:09,0.003s,PASSED
"actualAmount = getText(findTestObject(""Midtrans/Order Summary/phone_number_detail""))",Firefox 86.0,,,2021-03-01 15:17:09,2021-03-01 15:17:09,0.082s,PASSED
"expectedAmount = ""+62887654321""",Firefox 86.0,,,2021-03-01 15:17:09,2021-03-01 15:17:09,0.000s,PASSED
"verifyMatch(actualAmount, expectedAmount, false)",Firefox 86.0,,,2021-03-01 15:17:09,2021-03-01 15:17:09,0.003s,PASSED
"actualAmount = getText(findTestObject(""Midtrans/Order Summary/email_detail""))",Firefox 86.0,,,2021-03-01 15:17:09,2021-03-01 15:17:09,0.086s,PASSED
"expectedAmount = ""budi@utomo.com""",Firefox 86.0,,,2021-03-01 15:17:09,2021-03-01 15:17:09,0.003s,PASSED
"verifyMatch(actualAmount, expectedAmount, false)",Firefox 86.0,,,2021-03-01 15:17:09,2021-03-01 15:17:09,0.002s,PASSED
"click(findTestObject(""Midtrans/Order Summary/btn_continue""))",Firefox 86.0,,,2021-03-01 15:17:09,2021-03-01 15:17:09,0.114s,PASSED
,,,,,,,
Test Cases/Midtrans/CO06_Payment using invalid,Firefox 86.0,,,2021-03-01 15:17:09,2021-03-01 15:17:13,3.940s,PASSED
"click(findTestObject(""Midtrans/Select Payment/select_payment_cc""))",Firefox 86.0,,,2021-03-01 15:17:10,2021-03-01 15:17:10,0.114s,PASSED
"setText(findTestObject(""Midtrans/Credit_Debit Card/txt_expdate""), ""0125"")",Firefox 86.0,,,2021-03-01 15:17:10,2021-03-01 15:17:10,0.215s,PASSED
"setEncryptedText(findTestObject(""Midtrans/Credit_Debit Card/txt_cvv""), ""tzH6RvlfSTg="")",Firefox 86.0,,,2021-03-01 15:17:10,2021-03-01 15:17:11,0.591s,PASSED
"setText(findTestObject(""Midtrans/Credit_Debit Card/txt_cc""), ""4811111111111113"")",Firefox 86.0,,,2021-03-01 15:17:11,2021-03-01 15:17:11,0.290s,PASSED
"click(findTestObject(""Midtrans/Credit_Debit Card/chkbox_promo_10""))",Firefox 86.0,,,2021-03-01 15:17:11,2021-03-01 15:17:12,0.357s,PASSED
"actualAmount = getText(findTestObject(""Object Repository/Midtrans/Credit_Debit Card/amount_discount""))",Firefox 86.0,,,2021-03-01 15:17:12,2021-03-01 15:17:12,0.092s,PASSED
"expectedAmount = ""29,990""",Firefox 86.0,,,2021-03-01 15:17:12,2021-03-01 15:17:12,0.001s,PASSED
"verifyMatch(actualAmount, expectedAmount, false)",Firefox 86.0,,,2021-03-01 15:17:12,2021-03-01 15:17:12,0.002s,PASSED
"click(findTestObject(""Midtrans/Credit_Debit Card/btn_paynow""))",Firefox 86.0,,,2021-03-01 15:17:12,2021-03-01 15:17:12,0.293s,PASSED
"actualError = getText(findTestObject(""Midtrans/Credit_Debit Card/error_invalidcc""))",Firefox 86.0,,,2021-03-01 15:17:12,2021-03-01 15:17:12,0.134s,PASSED
"expectedError = ""Invalid card number""",Firefox 86.0,,,2021-03-01 15:17:12,2021-03-01 15:17:12,0.001s,PASSED
"verifyMatch(actualError, expectedError, false)",Firefox 86.0,,,2021-03-01 15:17:12,2021-03-01 15:17:12,0.003s,PASSED
closeBrowser(),Firefox 86.0,,,2021-03-01 15:17:12,2021-03-01 15:17:13,1.180s,PASSED
,,,,,,,
Test Cases/Midtrans/CO07_Change price,Firefox 86.0,,,2021-03-01 15:17:13,2021-03-01 15:17:41,27.731s,PASSED
openBrowser(webUrl),Firefox 86.0,,,2021-03-01 15:17:14,2021-03-01 15:17:23,8.945s,PASSED
"click(findTestObject(""Midtrans/Main/btn_buy""))",Firefox 86.0,,,2021-03-01 15:17:23,2021-03-01 15:17:23,0.840s,PASSED
"setText(findTestObject(""Midtrans/Shopping Cart/txt_amount_rupiah""), ""30000"")",Firefox 86.0,,,2021-03-01 15:17:23,2021-03-01 15:17:24,0.764s,PASSED
"click(findTestObject(""Midtrans/Shopping Cart/btn_checkout""), STOP_ON_FAILURE)",Firefox 86.0,,,2021-03-01 15:17:24,2021-03-01 15:17:25,0.737s,PASSED
closeBrowser(),Firefox 86.0,,,2021-03-01 15:17:25,2021-03-01 15:17:26,1.103s,PASSED
openBrowser(webUrl),Firefox 86.0,,,2021-03-01 15:17:26,2021-03-01 15:17:34,8.058s,PASSED
"actualPrice = getText(findTestObject(""Midtrans/Main/price_item""))",Firefox 86.0,,,2021-03-01 15:17:34,2021-03-01 15:17:35,0.745s,PASSED
"expectedPrice = ""30,000""",Firefox 86.0,,,2021-03-01 15:17:35,2021-03-01 15:17:35,0.001s,PASSED
if (actualPrice != expectedPrice),Firefox 86.0,,,2021-03-01 15:17:35,2021-03-01 15:17:41,6.135s,PASSED
,,,,,,,
Test Cases/Midtrans/CO09_Invalid customer data,Firefox 86.0,,,2021-03-01 15:17:41,2021-03-01 15:17:51,9.964s,PASSED
deleteAllCookies(),Firefox 86.0,,,2021-03-01 15:17:41,2021-03-01 15:17:41,0.013s,PASSED
"NegativeData = findTestData(""Data Files/Midtrans/Database Negative"")",Firefox 86.0,,,2021-03-01 15:17:41,2021-03-01 15:17:42,0.015s,PASSED
"for ([baris = 1, baris <= 3, (baris++)])",Firefox 86.0,,,2021-03-01 15:17:42,2021-03-01 15:17:50,8.405s,PASSED
closeBrowser(),Firefox 86.0,,,2021-03-01 15:17:50,2021-03-01 15:17:51,1.008s,PASSED
