Suite/Test/Step Name,Browser,Description,Tag,Start time,End time,Duration,Status
TS_01_Negative,Firefox 86.0,,,2021-03-01 14:26:24,2021-03-01 14:27:29,1m - 5.031s,PASSED
,,,,,,,
Test Cases/Midtrans/CO01_Navigate to url,Firefox 86.0,,,2021-03-01 14:26:26,2021-03-01 14:26:37,10.868s,PASSED
"openBrowser("""")",Firefox 86.0,,,2021-03-01 14:26:27,2021-03-01 14:26:33,6.685s,PASSED
navigateToUrl(webUrl),Firefox 86.0,,,2021-03-01 14:26:33,2021-03-01 14:26:37,3.355s,PASSED
actualResult = getUrl(),Firefox 86.0,,,2021-03-01 14:26:37,2021-03-01 14:26:37,0.053s,PASSED
"expectedResult = ""https://demo.midtrans.com/""",Firefox 86.0,,,2021-03-01 14:26:37,2021-03-01 14:26:37,0.001s,PASSED
"verifyMatch(actualResult, expectedResult, false)",Firefox 86.0,,,2021-03-01 14:26:37,2021-03-01 14:26:37,0.055s,PASSED
,,,,,,,
Test Cases/Midtrans/CO02_Add to cart,Firefox 86.0,,,2021-03-01 14:26:37,2021-03-01 14:26:38,1.354s,PASSED
"click(findTestObject(""Midtrans/Main/btn_buy""))",Firefox 86.0,,,2021-03-01 14:26:38,2021-03-01 14:26:38,0.739s,PASSED
,,,,,,,
Test Cases/Midtrans/CO03_Checkout process,Firefox 86.0,,,2021-03-01 14:26:38,2021-03-01 14:26:44,6.053s,PASSED
"setText(findTestObject(""Midtrans/Shopping Cart/txt_amount_rupiah""), ""30000"")",Firefox 86.0,,,2021-03-01 14:26:39,2021-03-01 14:26:40,0.644s,PASSED
"setText(findTestObject(""Midtrans/Shopping Cart/txt_name""), name)",Firefox 86.0,,,2021-03-01 14:26:40,2021-03-01 14:26:40,0.846s,PASSED
"setText(findTestObject(""Midtrans/Shopping Cart/txt_email""), email)",Firefox 86.0,,,2021-03-01 14:26:40,2021-03-01 14:26:41,0.854s,PASSED
"setText(findTestObject(""Midtrans/Shopping Cart/txt_phone_number""), phone)",Firefox 86.0,,,2021-03-01 14:26:41,2021-03-01 14:26:42,0.647s,PASSED
"setText(findTestObject(""Midtrans/Shopping Cart/txt_city""), city)",Firefox 86.0,,,2021-03-01 14:26:42,2021-03-01 14:26:42,0.591s,PASSED
"setText(findTestObject(""Midtrans/Shopping Cart/txt_address""), address)",Firefox 86.0,,,2021-03-01 14:26:42,2021-03-01 14:26:43,0.655s,PASSED
"setText(findTestObject(""Midtrans/Shopping Cart/txt_postal_code""), postalcode)",Firefox 86.0,,,2021-03-01 14:26:43,2021-03-01 14:26:44,0.593s,PASSED
"click(findTestObject(""Midtrans/Shopping Cart/btn_checkout""), STOP_ON_FAILURE)",Firefox 86.0,,,2021-03-01 14:26:44,2021-03-01 14:26:44,0.589s,PASSED
,,,,,,,
Test Cases/Midtrans/CO04_Order summary,Firefox 86.0,,,2021-03-01 14:26:44,2021-03-01 14:26:48,3.988s,PASSED
"switchToFrame(findTestObject(""Midtrans/Order Summary/order_summary_frame""), 0)",Firefox 86.0,,,2021-03-01 14:26:45,2021-03-01 14:26:45,0.463s,PASSED
delay(2),Firefox 86.0,,,2021-03-01 14:26:45,2021-03-01 14:26:47,2.015s,PASSED
"actualResult = getText(findTestObject(""Midtrans/Order Summary/name_product""))",Firefox 86.0,,,2021-03-01 14:26:47,2021-03-01 14:26:47,0.119s,PASSED
"expectedResult = ""Midtrans Pillow""",Firefox 86.0,,,2021-03-01 14:26:47,2021-03-01 14:26:47,0.001s,PASSED
"verifyMatch(actualResult, expectedResult, false)",Firefox 86.0,,,2021-03-01 14:26:47,2021-03-01 14:26:47,0.004s,PASSED
"actualAmount = getText(findTestObject(""Midtrans/Order Summary/table_amount""))",Firefox 86.0,,,2021-03-01 14:26:47,2021-03-01 14:26:48,0.079s,PASSED
"expectedAmount = ""30,000""",Firefox 86.0,,,2021-03-01 14:26:48,2021-03-01 14:26:48,0.001s,PASSED
"verifyMatch(actualAmount, expectedAmount, false)",Firefox 86.0,,,2021-03-01 14:26:48,2021-03-01 14:26:48,0.002s,PASSED
"click(findTestObject(""Midtrans/Order Summary/shipping_detail_tab""))",Firefox 86.0,,,2021-03-01 14:26:48,2021-03-01 14:26:48,0.292s,PASSED
"actualAmount = getText(findTestObject(""Midtrans/Order Summary/name_detail""))",Firefox 86.0,,,2021-03-01 14:26:48,2021-03-01 14:26:48,0.088s,PASSED
"expectedAmount = ""Budi Utomo""",Firefox 86.0,,,2021-03-01 14:26:48,2021-03-01 14:26:48,0.001s,PASSED
"verifyMatch(actualAmount, expectedAmount, false)",Firefox 86.0,,,2021-03-01 14:26:48,2021-03-01 14:26:48,0.003s,PASSED
"actualAmount = getText(findTestObject(""Midtrans/Order Summary/address_detail""))",Firefox 86.0,,,2021-03-01 14:26:48,2021-03-01 14:26:48,0.083s,PASSED
"expectedAmount = ""Jl. Kenangan No 5 Bandung 55166""",Firefox 86.0,,,2021-03-01 14:26:48,2021-03-01 14:26:48,0.001s,PASSED
"verifyMatch(actualAmount, expectedAmount, false)",Firefox 86.0,,,2021-03-01 14:26:48,2021-03-01 14:26:48,0.004s,PASSED
"actualAmount = getText(findTestObject(""Midtrans/Order Summary/phone_number_detail""))",Firefox 86.0,,,2021-03-01 14:26:48,2021-03-01 14:26:48,0.109s,PASSED
"expectedAmount = ""+62887654321""",Firefox 86.0,,,2021-03-01 14:26:48,2021-03-01 14:26:48,0.000s,PASSED
"verifyMatch(actualAmount, expectedAmount, false)",Firefox 86.0,,,2021-03-01 14:26:48,2021-03-01 14:26:48,0.004s,PASSED
"actualAmount = getText(findTestObject(""Midtrans/Order Summary/email_detail""))",Firefox 86.0,,,2021-03-01 14:26:48,2021-03-01 14:26:48,0.090s,PASSED
"expectedAmount = ""budi@utomo.com""",Firefox 86.0,,,2021-03-01 14:26:48,2021-03-01 14:26:48,0.001s,PASSED
"verifyMatch(actualAmount, expectedAmount, false)",Firefox 86.0,,,2021-03-01 14:26:48,2021-03-01 14:26:48,0.003s,PASSED
"click(findTestObject(""Midtrans/Order Summary/btn_continue""))",Firefox 86.0,,,2021-03-01 14:26:48,2021-03-01 14:26:48,0.107s,PASSED
,,,,,,,
Test Cases/Midtrans/CO06_Payment using invalid,Firefox 86.0,,,2021-03-01 14:26:48,2021-03-01 14:26:52,3.550s,PASSED
"click(findTestObject(""Midtrans/Select Payment/select_payment_cc""))",Firefox 86.0,,,2021-03-01 14:26:49,2021-03-01 14:26:49,0.098s,PASSED
"setText(findTestObject(""Midtrans/Credit_Debit Card/txt_expdate""), ""0125"")",Firefox 86.0,,,2021-03-01 14:26:49,2021-03-01 14:26:49,0.213s,PASSED
"setEncryptedText(findTestObject(""Midtrans/Credit_Debit Card/txt_cvv""), ""tzH6RvlfSTg="")",Firefox 86.0,,,2021-03-01 14:26:49,2021-03-01 14:26:50,0.380s,PASSED
"setText(findTestObject(""Midtrans/Credit_Debit Card/txt_cc""), ""4811111111111113"")",Firefox 86.0,,,2021-03-01 14:26:50,2021-03-01 14:26:50,0.342s,PASSED
"click(findTestObject(""Midtrans/Credit_Debit Card/chkbox_promo_10""))",Firefox 86.0,,,2021-03-01 14:26:50,2021-03-01 14:26:50,0.328s,PASSED
"actualAmount = getText(findTestObject(""Object Repository/Midtrans/Credit_Debit Card/amount_discount""))",Firefox 86.0,,,2021-03-01 14:26:50,2021-03-01 14:26:50,0.100s,PASSED
"expectedAmount = ""29,990""",Firefox 86.0,,,2021-03-01 14:26:50,2021-03-01 14:26:50,0.000s,PASSED
"verifyMatch(actualAmount, expectedAmount, false)",Firefox 86.0,,,2021-03-01 14:26:50,2021-03-01 14:26:50,0.003s,PASSED
"click(findTestObject(""Midtrans/Credit_Debit Card/btn_paynow""))",Firefox 86.0,,,2021-03-01 14:26:50,2021-03-01 14:26:51,0.293s,PASSED
"actualError = getText(findTestObject(""Midtrans/Credit_Debit Card/error_invalidcc""))",Firefox 86.0,,,2021-03-01 14:26:51,2021-03-01 14:26:51,0.097s,PASSED
"expectedError = ""Invalid card number""",Firefox 86.0,,,2021-03-01 14:26:51,2021-03-01 14:26:51,0.000s,PASSED
"verifyMatch(actualError, expectedError, false)",Firefox 86.0,,,2021-03-01 14:26:51,2021-03-01 14:26:51,0.002s,PASSED
closeBrowser(),Firefox 86.0,,,2021-03-01 14:26:51,2021-03-01 14:26:52,1.140s,PASSED
,,,,,,,
Test Cases/Midtrans/CO07_Change price,Firefox 86.0,,,2021-03-01 14:26:52,2021-03-01 14:27:19,26.750s,PASSED
openBrowser(webUrl),Firefox 86.0,,,2021-03-01 14:26:52,2021-03-01 14:27:01,8.355s,PASSED
"click(findTestObject(""Midtrans/Main/btn_buy""))",Firefox 86.0,,,2021-03-01 14:27:01,2021-03-01 14:27:01,0.803s,PASSED
"setText(findTestObject(""Midtrans/Shopping Cart/txt_amount_rupiah""), ""30000"")",Firefox 86.0,,,2021-03-01 14:27:01,2021-03-01 14:27:02,0.754s,PASSED
"click(findTestObject(""Midtrans/Shopping Cart/btn_checkout""), STOP_ON_FAILURE)",Firefox 86.0,,,2021-03-01 14:27:02,2021-03-01 14:27:03,0.727s,PASSED
closeBrowser(),Firefox 86.0,,,2021-03-01 14:27:03,2021-03-01 14:27:04,1.457s,PASSED
openBrowser(webUrl),Firefox 86.0,,,2021-03-01 14:27:04,2021-03-01 14:27:12,7.954s,PASSED
"actualPrice = getText(findTestObject(""Midtrans/Main/price_item""))",Firefox 86.0,,,2021-03-01 14:27:12,2021-03-01 14:27:13,0.564s,PASSED
"expectedPrice = ""30,000""",Firefox 86.0,,,2021-03-01 14:27:13,2021-03-01 14:27:13,0.001s,PASSED
if (actualPrice != expectedPrice),Firefox 86.0,,,2021-03-01 14:27:13,2021-03-01 14:27:19,5.826s,PASSED
,,,,,,,
Test Cases/Midtrans/CO09_Invalid customer data,Firefox 86.0,,,2021-03-01 14:27:19,2021-03-01 14:27:29,10.351s,PASSED
deleteAllCookies(),Firefox 86.0,,,2021-03-01 14:27:19,2021-03-01 14:27:19,0.014s,PASSED
"NegativeData = findTestData(""Data Files/Midtrans/Database Negative"")",Firefox 86.0,,,2021-03-01 14:27:19,2021-03-01 14:27:19,0.017s,PASSED
"for ([baris = 1, baris <= 3, (baris++)])",Firefox 86.0,,,2021-03-01 14:27:19,2021-03-01 14:27:28,8.453s,PASSED
closeBrowser(),Firefox 86.0,,,2021-03-01 14:27:28,2021-03-01 14:27:29,1.296s,PASSED
