Suite/Test/Step Name,Browser,Description,Tag,Start time,End time,Duration,Status
TS_00_Positive,Firefox 86.0,,,2021-03-02 10:59:19,2021-03-02 11:00:16,56.317s,PASSED
,,,,,,,
Test Cases/Midtrans/CO01_Navigate to url,Firefox 86.0,,,2021-03-02 10:59:22,2021-03-02 10:59:35,13.206s,PASSED
"openBrowser("""")",Firefox 86.0,,,2021-03-02 10:59:22,2021-03-02 10:59:29,7.214s,PASSED
navigateToUrl(webUrl),Firefox 86.0,,,2021-03-02 10:59:29,2021-03-02 10:59:34,4.949s,PASSED
actualResult = getUrl(),Firefox 86.0,,,2021-03-02 10:59:34,2021-03-02 10:59:34,0.065s,PASSED
"expectedResult = ""https://demo.midtrans.com/""",Firefox 86.0,,,2021-03-02 10:59:34,2021-03-02 10:59:34,0.001s,PASSED
"verifyMatch(actualResult, expectedResult, false)",Firefox 86.0,,,2021-03-02 10:59:34,2021-03-02 10:59:35,0.267s,PASSED
,,,,,,,
Test Cases/Midtrans/CO02_Add to cart,Firefox 86.0,,,2021-03-02 10:59:35,2021-03-02 10:59:37,1.986s,PASSED
"click(findTestObject(""Midtrans/Main/btn_buy""))",Firefox 86.0,,,2021-03-02 10:59:36,2021-03-02 10:59:37,0.728s,PASSED
,,,,,,,
Test Cases/Midtrans/CO03_Checkout process,Firefox 86.0,,,2021-03-02 10:59:37,2021-03-02 10:59:44,7.270s,PASSED
"setText(findTestObject(""Midtrans/Shopping Cart/txt_amount_rupiah""), ""30000"")",Firefox 86.0,,,2021-03-02 10:59:38,2021-03-02 10:59:38,0.713s,PASSED
"setText(findTestObject(""Midtrans/Shopping Cart/txt_name""), name)",Firefox 86.0,,,2021-03-02 10:59:38,2021-03-02 10:59:39,0.783s,PASSED
"setText(findTestObject(""Midtrans/Shopping Cart/txt_email""), email)",Firefox 86.0,,,2021-03-02 10:59:39,2021-03-02 10:59:40,0.712s,PASSED
"setText(findTestObject(""Midtrans/Shopping Cart/txt_phone_number""), phone)",Firefox 86.0,,,2021-03-02 10:59:40,2021-03-02 10:59:41,0.636s,PASSED
"setText(findTestObject(""Midtrans/Shopping Cart/txt_city""), city)",Firefox 86.0,,,2021-03-02 10:59:41,2021-03-02 10:59:41,0.758s,PASSED
"setText(findTestObject(""Midtrans/Shopping Cart/txt_address""), address)",Firefox 86.0,,,2021-03-02 10:59:41,2021-03-02 10:59:42,0.864s,PASSED
"setText(findTestObject(""Midtrans/Shopping Cart/txt_postal_code""), postalcode)",Firefox 86.0,,,2021-03-02 10:59:42,2021-03-02 10:59:43,1.303s,PASSED
"click(findTestObject(""Midtrans/Shopping Cart/btn_checkout""), STOP_ON_FAILURE)",Firefox 86.0,,,2021-03-02 10:59:43,2021-03-02 10:59:44,0.592s,PASSED
,,,,,,,
Test Cases/Midtrans/CO04_Order summary,Firefox 86.0,,,2021-03-02 10:59:44,2021-03-02 10:59:49,4.748s,PASSED
"switchToFrame(findTestObject(""Midtrans/Order Summary/order_summary_frame""), 0)",Firefox 86.0,,,2021-03-02 10:59:45,2021-03-02 10:59:45,0.432s,PASSED
delay(2),Firefox 86.0,,,2021-03-02 10:59:45,2021-03-02 10:59:47,2.010s,PASSED
"actualResult = getText(findTestObject(""Midtrans/Order Summary/name_product""))",Firefox 86.0,,,2021-03-02 10:59:47,2021-03-02 10:59:47,0.258s,PASSED
"expectedResult = ""Midtrans Pillow""",Firefox 86.0,,,2021-03-02 10:59:47,2021-03-02 10:59:47,0.001s,PASSED
"verifyMatch(actualResult, expectedResult, false)",Firefox 86.0,,,2021-03-02 10:59:47,2021-03-02 10:59:47,0.002s,PASSED
"actualAmount = getText(findTestObject(""Midtrans/Order Summary/table_amount""))",Firefox 86.0,,,2021-03-02 10:59:47,2021-03-02 10:59:48,0.076s,PASSED
"expectedAmount = ""30,000""",Firefox 86.0,,,2021-03-02 10:59:48,2021-03-02 10:59:48,0.001s,PASSED
"verifyMatch(actualAmount, expectedAmount, false)",Firefox 86.0,,,2021-03-02 10:59:48,2021-03-02 10:59:48,0.002s,PASSED
"click(findTestObject(""Midtrans/Order Summary/shipping_detail_tab""))",Firefox 86.0,,,2021-03-02 10:59:48,2021-03-02 10:59:48,0.367s,PASSED
"actualAmount = getText(findTestObject(""Midtrans/Order Summary/name_detail""))",Firefox 86.0,,,2021-03-02 10:59:48,2021-03-02 10:59:48,0.111s,PASSED
"expectedAmount = ""Budi Utomo""",Firefox 86.0,,,2021-03-02 10:59:48,2021-03-02 10:59:48,0.001s,PASSED
"verifyMatch(actualAmount, expectedAmount, false)",Firefox 86.0,,,2021-03-02 10:59:48,2021-03-02 10:59:48,0.004s,PASSED
"actualAmount = getText(findTestObject(""Midtrans/Order Summary/address_detail""))",Firefox 86.0,,,2021-03-02 10:59:48,2021-03-02 10:59:48,0.149s,PASSED
"expectedAmount = ""Jl. Kenangan No 5 Bandung 55166""",Firefox 86.0,,,2021-03-02 10:59:48,2021-03-02 10:59:48,0.000s,PASSED
"verifyMatch(actualAmount, expectedAmount, false)",Firefox 86.0,,,2021-03-02 10:59:48,2021-03-02 10:59:48,0.004s,PASSED
"actualAmount = getText(findTestObject(""Midtrans/Order Summary/phone_number_detail""))",Firefox 86.0,,,2021-03-02 10:59:48,2021-03-02 10:59:48,0.254s,PASSED
"expectedAmount = ""+62887654321""",Firefox 86.0,,,2021-03-02 10:59:48,2021-03-02 10:59:48,0.001s,PASSED
"verifyMatch(actualAmount, expectedAmount, false)",Firefox 86.0,,,2021-03-02 10:59:48,2021-03-02 10:59:48,0.004s,PASSED
"actualAmount = getText(findTestObject(""Midtrans/Order Summary/email_detail""))",Firefox 86.0,,,2021-03-02 10:59:48,2021-03-02 10:59:49,0.191s,PASSED
"expectedAmount = ""budi@utomo.com""",Firefox 86.0,,,2021-03-02 10:59:49,2021-03-02 10:59:49,0.001s,PASSED
"verifyMatch(actualAmount, expectedAmount, false)",Firefox 86.0,,,2021-03-02 10:59:49,2021-03-02 10:59:49,0.004s,PASSED
"click(findTestObject(""Midtrans/Order Summary/btn_continue""))",Firefox 86.0,,,2021-03-02 10:59:49,2021-03-02 10:59:49,0.196s,PASSED
,,,,,,,
Test Cases/Midtrans/CO05_Payment process,Firefox 86.0,,,2021-03-02 10:59:49,2021-03-02 11:00:16,26.789s,PASSED
switchToDefaultContent(),Firefox 86.0,,,2021-03-02 10:59:50,2021-03-02 10:59:50,0.025s,PASSED
"click(findTestObject(""Object Repository/Record Midtrans/Page_Sample Store/select_cc""))",Firefox 86.0,,,2021-03-02 10:59:50,2021-03-02 10:59:50,0.508s,PASSED
"setText(findTestObject(""Object Repository/Record Midtrans/Page_Sample Store/txt_cc""), ""4811 1111 1111 1114"")",Firefox 86.0,,,2021-03-02 10:59:50,2021-03-02 10:59:51,0.910s,PASSED
"setText(findTestObject(""Object Repository/Record Midtrans/Page_Sample Store/txt_exp_cc""), ""01 / 25"")",Firefox 86.0,,,2021-03-02 10:59:51,2021-03-02 10:59:52,0.856s,PASSED
"setText(findTestObject(""Object Repository/Record Midtrans/Page_Sample Store/txt_cvv""), ""123"")",Firefox 86.0,,,2021-03-02 10:59:52,2021-03-02 10:59:52,0.441s,PASSED
"click(findTestObject(""Object Repository/Record Midtrans/Page_Sample Store/promo_10""))",Firefox 86.0,,,2021-03-02 10:59:52,2021-03-02 10:59:53,0.810s,PASSED
"click(findTestObject(""Object Repository/Record Midtrans/Page_Sample Store/btn_PAYNOW""))",Firefox 86.0,,,2021-03-02 10:59:53,2021-03-02 10:59:54,0.687s,PASSED
delay(10),Firefox 86.0,,,2021-03-02 10:59:54,2021-03-02 11:00:04,10.004s,PASSED
"setEncryptedText(findTestObject(""Object Repository/Record Midtrans/Page_Sample Store/txt_password_otp""), ""4tAN/DuJV7Y="")",Firefox 86.0,,,2021-03-02 11:00:04,2021-03-02 11:00:05,0.937s,PASSED
"click(findTestObject(""Object Repository/Record Midtrans/Page_Sample Store/btn_OK_otp""))",Firefox 86.0,,,2021-03-02 11:00:05,2021-03-02 11:00:06,1.467s,PASSED
delay(7),Firefox 86.0,,,2021-03-02 11:00:06,2021-03-02 11:00:13,7.003s,PASSED
"verifyTextPresent(""Thank you for your purchase."", false)",Firefox 86.0,,,2021-03-02 11:00:13,2021-03-02 11:00:14,0.642s,PASSED
"verifyTextPresent(""Get a nice sleep."", false)",Firefox 86.0,,,2021-03-02 11:00:14,2021-03-02 11:00:14,0.616s,PASSED
closeBrowser(),Firefox 86.0,,,2021-03-02 11:00:14,2021-03-02 11:00:16,1.140s,PASSED
