Suite/Test/Step Name,Browser,Description,Tag,Start time,End time,Duration,Status
TS_00_Positive,Firefox 86.0,,,2021-03-02 10:06:27,2021-03-02 10:07:26,58.436s,PASSED
,,,,,,,
Test Cases/Midtrans/CO01_Navigate to url,Firefox 86.0,,,2021-03-02 10:06:30,2021-03-02 10:06:46,15.800s,PASSED
"openBrowser("""")",Firefox 86.0,,,2021-03-02 10:06:32,2021-03-02 10:06:42,9.946s,PASSED
navigateToUrl(webUrl),Firefox 86.0,,,2021-03-02 10:06:42,2021-03-02 10:06:46,4.508s,PASSED
actualResult = getUrl(),Firefox 86.0,,,2021-03-02 10:06:46,2021-03-02 10:06:46,0.050s,PASSED
"expectedResult = ""https://demo.midtrans.com/""",Firefox 86.0,,,2021-03-02 10:06:46,2021-03-02 10:06:46,0.001s,PASSED
"verifyMatch(actualResult, expectedResult, false)",Firefox 86.0,,,2021-03-02 10:06:46,2021-03-02 10:06:46,0.052s,PASSED
,,,,,,,
Test Cases/Midtrans/CO02_Add to cart,Firefox 86.0,,,2021-03-02 10:06:46,2021-03-02 10:06:48,1.687s,PASSED
"click(findTestObject(""Midtrans/Main/btn_buy""))",Firefox 86.0,,,2021-03-02 10:06:47,2021-03-02 10:06:48,1.028s,PASSED
,,,,,,,
Test Cases/Midtrans/CO03_Checkout process,Firefox 86.0,,,2021-03-02 10:06:48,2021-03-02 10:06:54,6.150s,PASSED
"setText(findTestObject(""Midtrans/Shopping Cart/txt_amount_rupiah""), ""30000"")",Firefox 86.0,,,2021-03-02 10:06:49,2021-03-02 10:06:49,0.733s,PASSED
"setText(findTestObject(""Midtrans/Shopping Cart/txt_name""), name)",Firefox 86.0,,,2021-03-02 10:06:49,2021-03-02 10:06:50,1.092s,PASSED
"setText(findTestObject(""Midtrans/Shopping Cart/txt_email""), email)",Firefox 86.0,,,2021-03-02 10:06:50,2021-03-02 10:06:51,0.630s,PASSED
"setText(findTestObject(""Midtrans/Shopping Cart/txt_phone_number""), phone)",Firefox 86.0,,,2021-03-02 10:06:51,2021-03-02 10:06:52,0.588s,PASSED
"setText(findTestObject(""Midtrans/Shopping Cart/txt_city""), city)",Firefox 86.0,,,2021-03-02 10:06:52,2021-03-02 10:06:52,0.597s,PASSED
"setText(findTestObject(""Midtrans/Shopping Cart/txt_address""), address)",Firefox 86.0,,,2021-03-02 10:06:52,2021-03-02 10:06:53,0.666s,PASSED
"setText(findTestObject(""Midtrans/Shopping Cart/txt_postal_code""), postalcode)",Firefox 86.0,,,2021-03-02 10:06:53,2021-03-02 10:06:53,0.596s,PASSED
"click(findTestObject(""Midtrans/Shopping Cart/btn_checkout""), STOP_ON_FAILURE)",Firefox 86.0,,,2021-03-02 10:06:53,2021-03-02 10:06:54,0.571s,PASSED
,,,,,,,
Test Cases/Midtrans/CO04_Order summary,Firefox 86.0,,,2021-03-02 10:06:54,2021-03-02 10:06:59,4.976s,PASSED
"switchToFrame(findTestObject(""Midtrans/Order Summary/order_summary_frame""), 0)",Firefox 86.0,,,2021-03-02 10:06:55,2021-03-02 10:06:55,0.432s,PASSED
delay(2),Firefox 86.0,,,2021-03-02 10:06:55,2021-03-02 10:06:58,2.114s,PASSED
"actualResult = getText(findTestObject(""Midtrans/Order Summary/name_product""))",Firefox 86.0,,,2021-03-02 10:06:58,2021-03-02 10:06:58,0.153s,PASSED
"expectedResult = ""Midtrans Pillow""",Firefox 86.0,,,2021-03-02 10:06:58,2021-03-02 10:06:58,0.000s,PASSED
"verifyMatch(actualResult, expectedResult, false)",Firefox 86.0,,,2021-03-02 10:06:58,2021-03-02 10:06:58,0.003s,PASSED
"actualAmount = getText(findTestObject(""Midtrans/Order Summary/table_amount""))",Firefox 86.0,,,2021-03-02 10:06:58,2021-03-02 10:06:58,0.108s,PASSED
"expectedAmount = ""30,000""",Firefox 86.0,,,2021-03-02 10:06:58,2021-03-02 10:06:58,0.001s,PASSED
"verifyMatch(actualAmount, expectedAmount, false)",Firefox 86.0,,,2021-03-02 10:06:58,2021-03-02 10:06:58,0.004s,PASSED
"click(findTestObject(""Midtrans/Order Summary/shipping_detail_tab""))",Firefox 86.0,,,2021-03-02 10:06:58,2021-03-02 10:06:58,0.353s,PASSED
"actualAmount = getText(findTestObject(""Midtrans/Order Summary/name_detail""))",Firefox 86.0,,,2021-03-02 10:06:58,2021-03-02 10:06:58,0.124s,PASSED
"expectedAmount = ""Budi Utomo""",Firefox 86.0,,,2021-03-02 10:06:58,2021-03-02 10:06:58,0.001s,PASSED
"verifyMatch(actualAmount, expectedAmount, false)",Firefox 86.0,,,2021-03-02 10:06:58,2021-03-02 10:06:58,0.006s,PASSED
"actualAmount = getText(findTestObject(""Midtrans/Order Summary/address_detail""))",Firefox 86.0,,,2021-03-02 10:06:58,2021-03-02 10:06:58,0.129s,PASSED
"expectedAmount = ""Jl. Kenangan No 5 Bandung 55166""",Firefox 86.0,,,2021-03-02 10:06:58,2021-03-02 10:06:58,0.002s,PASSED
"verifyMatch(actualAmount, expectedAmount, false)",Firefox 86.0,,,2021-03-02 10:06:58,2021-03-02 10:06:58,0.005s,PASSED
"actualAmount = getText(findTestObject(""Midtrans/Order Summary/phone_number_detail""))",Firefox 86.0,,,2021-03-02 10:06:58,2021-03-02 10:06:59,0.289s,PASSED
"expectedAmount = ""+62887654321""",Firefox 86.0,,,2021-03-02 10:06:59,2021-03-02 10:06:59,0.001s,PASSED
"verifyMatch(actualAmount, expectedAmount, false)",Firefox 86.0,,,2021-03-02 10:06:59,2021-03-02 10:06:59,0.003s,PASSED
"actualAmount = getText(findTestObject(""Midtrans/Order Summary/email_detail""))",Firefox 86.0,,,2021-03-02 10:06:59,2021-03-02 10:06:59,0.143s,PASSED
"expectedAmount = ""budi@utomo.com""",Firefox 86.0,,,2021-03-02 10:06:59,2021-03-02 10:06:59,0.001s,PASSED
"verifyMatch(actualAmount, expectedAmount, false)",Firefox 86.0,,,2021-03-02 10:06:59,2021-03-02 10:06:59,0.003s,PASSED
"click(findTestObject(""Midtrans/Order Summary/btn_continue""))",Firefox 86.0,,,2021-03-02 10:06:59,2021-03-02 10:06:59,0.121s,PASSED
,,,,,,,
Test Cases/Midtrans/CO05_Payment process,Firefox 86.0,,,2021-03-02 10:06:59,2021-03-02 10:07:26,26.514s,PASSED
switchToDefaultContent(),Firefox 86.0,,,2021-03-02 10:07:00,2021-03-02 10:07:00,0.034s,PASSED
"click(findTestObject(""Object Repository/Record Midtrans/Page_Sample Store/select_cc""))",Firefox 86.0,,,2021-03-02 10:07:00,2021-03-02 10:07:01,0.654s,PASSED
"setText(findTestObject(""Object Repository/Record Midtrans/Page_Sample Store/txt_cc""), ""4811 1111 1111 1114"")",Firefox 86.0,,,2021-03-02 10:07:01,2021-03-02 10:07:02,0.802s,PASSED
"setText(findTestObject(""Object Repository/Record Midtrans/Page_Sample Store/txt_exp_cc""), ""01 / 25"")",Firefox 86.0,,,2021-03-02 10:07:02,2021-03-02 10:07:02,0.559s,PASSED
"setText(findTestObject(""Object Repository/Record Midtrans/Page_Sample Store/txt_cvv""), ""123"")",Firefox 86.0,,,2021-03-02 10:07:02,2021-03-02 10:07:03,0.488s,PASSED
"click(findTestObject(""Object Repository/Record Midtrans/Page_Sample Store/promo_10""))",Firefox 86.0,,,2021-03-02 10:07:03,2021-03-02 10:07:03,0.696s,PASSED
"click(findTestObject(""Object Repository/Record Midtrans/Page_Sample Store/btn_PAYNOW""))",Firefox 86.0,,,2021-03-02 10:07:03,2021-03-02 10:07:04,0.638s,PASSED
delay(10),Firefox 86.0,,,2021-03-02 10:07:04,2021-03-02 10:07:14,10.004s,PASSED
"setEncryptedText(findTestObject(""Object Repository/Record Midtrans/Page_Sample Store/txt_password_otp""), ""4tAN/DuJV7Y="")",Firefox 86.0,,,2021-03-02 10:07:14,2021-03-02 10:07:14,0.552s,PASSED
"click(findTestObject(""Object Repository/Record Midtrans/Page_Sample Store/btn_OK_otp""))",Firefox 86.0,,,2021-03-02 10:07:14,2021-03-02 10:07:16,1.255s,PASSED
delay(7),Firefox 86.0,,,2021-03-02 10:07:16,2021-03-02 10:07:23,7.004s,PASSED
"verifyTextPresent(""Thank you for your purchase."", false)",Firefox 86.0,,,2021-03-02 10:07:23,2021-03-02 10:07:24,0.859s,PASSED
"verifyTextPresent(""Get a nice sleep."", false)",Firefox 86.0,,,2021-03-02 10:07:24,2021-03-02 10:07:25,0.956s,PASSED
closeBrowser(),Firefox 86.0,,,2021-03-02 10:07:25,2021-03-02 10:07:26,1.026s,PASSED
