Suite/Test/Step Name,Browser,Description,Tag,Start time,End time,Duration,Status
TS_01_Negative,Firefox 86.0,,,2021-03-02 11:02:29,2021-03-02 11:03:39,1m - 10.464s,PASSED
,,,,,,,
Test Cases/Midtrans/CO01_Navigate to url,Firefox 86.0,,,2021-03-02 11:02:31,2021-03-02 11:02:43,12.226s,PASSED
"openBrowser("""")",Firefox 86.0,,,2021-03-02 11:02:32,2021-03-02 11:02:39,6.974s,PASSED
navigateToUrl(webUrl),Firefox 86.0,,,2021-03-02 11:02:39,2021-03-02 11:02:43,4.488s,PASSED
actualResult = getUrl(),Firefox 86.0,,,2021-03-02 11:02:43,2021-03-02 11:02:43,0.045s,PASSED
"expectedResult = ""https://demo.midtrans.com/""",Firefox 86.0,,,2021-03-02 11:02:43,2021-03-02 11:02:43,0.001s,PASSED
"verifyMatch(actualResult, expectedResult, false)",Firefox 86.0,,,2021-03-02 11:02:43,2021-03-02 11:02:43,0.088s,PASSED
,,,,,,,
Test Cases/Midtrans/CO02_Add to cart,Firefox 86.0,,,2021-03-02 11:02:43,2021-03-02 11:02:44,1.173s,PASSED
"click(findTestObject(""Midtrans/Main/btn_buy""))",Firefox 86.0,,,2021-03-02 11:02:44,2021-03-02 11:02:44,0.606s,PASSED
,,,,,,,
Test Cases/Midtrans/CO03_Checkout process,Firefox 86.0,,,2021-03-02 11:02:44,2021-03-02 11:02:50,5.756s,PASSED
"setText(findTestObject(""Midtrans/Shopping Cart/txt_amount_rupiah""), ""30000"")",Firefox 86.0,,,2021-03-02 11:02:45,2021-03-02 11:02:46,0.610s,PASSED
"setText(findTestObject(""Midtrans/Shopping Cart/txt_name""), name)",Firefox 86.0,,,2021-03-02 11:02:46,2021-03-02 11:02:47,0.954s,PASSED
"setText(findTestObject(""Midtrans/Shopping Cart/txt_email""), email)",Firefox 86.0,,,2021-03-02 11:02:47,2021-03-02 11:02:47,0.637s,PASSED
"setText(findTestObject(""Midtrans/Shopping Cart/txt_phone_number""), phone)",Firefox 86.0,,,2021-03-02 11:02:47,2021-03-02 11:02:48,0.614s,PASSED
"setText(findTestObject(""Midtrans/Shopping Cart/txt_city""), city)",Firefox 86.0,,,2021-03-02 11:02:48,2021-03-02 11:02:48,0.572s,PASSED
"setText(findTestObject(""Midtrans/Shopping Cart/txt_address""), address)",Firefox 86.0,,,2021-03-02 11:02:48,2021-03-02 11:02:49,0.613s,PASSED
"setText(findTestObject(""Midtrans/Shopping Cart/txt_postal_code""), postalcode)",Firefox 86.0,,,2021-03-02 11:02:49,2021-03-02 11:02:50,0.628s,PASSED
"click(findTestObject(""Midtrans/Shopping Cart/btn_checkout""), STOP_ON_FAILURE)",Firefox 86.0,,,2021-03-02 11:02:50,2021-03-02 11:02:50,0.561s,PASSED
,,,,,,,
Test Cases/Midtrans/CO04_Order summary,Firefox 86.0,,,2021-03-02 11:02:50,2021-03-02 11:02:55,4.527s,PASSED
"switchToFrame(findTestObject(""Midtrans/Order Summary/order_summary_frame""), 0)",Firefox 86.0,,,2021-03-02 11:02:51,2021-03-02 11:02:51,0.521s,PASSED
delay(2),Firefox 86.0,,,2021-03-02 11:02:51,2021-03-02 11:02:53,2.018s,PASSED
"actualResult = getText(findTestObject(""Midtrans/Order Summary/name_product""))",Firefox 86.0,,,2021-03-02 11:02:53,2021-03-02 11:02:53,0.128s,PASSED
"expectedResult = ""Midtrans Pillow""",Firefox 86.0,,,2021-03-02 11:02:53,2021-03-02 11:02:53,0.001s,PASSED
"verifyMatch(actualResult, expectedResult, false)",Firefox 86.0,,,2021-03-02 11:02:53,2021-03-02 11:02:53,0.003s,PASSED
"actualAmount = getText(findTestObject(""Midtrans/Order Summary/table_amount""))",Firefox 86.0,,,2021-03-02 11:02:53,2021-03-02 11:02:54,0.107s,PASSED
"expectedAmount = ""30,000""",Firefox 86.0,,,2021-03-02 11:02:54,2021-03-02 11:02:54,0.001s,PASSED
"verifyMatch(actualAmount, expectedAmount, false)",Firefox 86.0,,,2021-03-02 11:02:54,2021-03-02 11:02:54,0.003s,PASSED
"click(findTestObject(""Midtrans/Order Summary/shipping_detail_tab""))",Firefox 86.0,,,2021-03-02 11:02:54,2021-03-02 11:02:54,0.329s,PASSED
"actualAmount = getText(findTestObject(""Midtrans/Order Summary/name_detail""))",Firefox 86.0,,,2021-03-02 11:02:54,2021-03-02 11:02:54,0.098s,PASSED
"expectedAmount = ""Budi Utomo""",Firefox 86.0,,,2021-03-02 11:02:54,2021-03-02 11:02:54,0.001s,PASSED
"verifyMatch(actualAmount, expectedAmount, false)",Firefox 86.0,,,2021-03-02 11:02:54,2021-03-02 11:02:54,0.003s,PASSED
"actualAmount = getText(findTestObject(""Midtrans/Order Summary/address_detail""))",Firefox 86.0,,,2021-03-02 11:02:54,2021-03-02 11:02:54,0.117s,PASSED
"expectedAmount = ""Jl. Kenangan No 5 Bandung 55166""",Firefox 86.0,,,2021-03-02 11:02:54,2021-03-02 11:02:54,0.001s,PASSED
"verifyMatch(actualAmount, expectedAmount, false)",Firefox 86.0,,,2021-03-02 11:02:54,2021-03-02 11:02:54,0.003s,PASSED
"actualAmount = getText(findTestObject(""Midtrans/Order Summary/phone_number_detail""))",Firefox 86.0,,,2021-03-02 11:02:54,2021-03-02 11:02:54,0.162s,PASSED
"expectedAmount = ""+62887654321""",Firefox 86.0,,,2021-03-02 11:02:54,2021-03-02 11:02:54,0.000s,PASSED
"verifyMatch(actualAmount, expectedAmount, false)",Firefox 86.0,,,2021-03-02 11:02:54,2021-03-02 11:02:54,0.005s,PASSED
"actualAmount = getText(findTestObject(""Midtrans/Order Summary/email_detail""))",Firefox 86.0,,,2021-03-02 11:02:54,2021-03-02 11:02:54,0.162s,PASSED
"expectedAmount = ""budi@utomo.com""",Firefox 86.0,,,2021-03-02 11:02:54,2021-03-02 11:02:54,0.000s,PASSED
"verifyMatch(actualAmount, expectedAmount, false)",Firefox 86.0,,,2021-03-02 11:02:54,2021-03-02 11:02:54,0.008s,PASSED
"click(findTestObject(""Midtrans/Order Summary/btn_continue""))",Firefox 86.0,,,2021-03-02 11:02:54,2021-03-02 11:02:55,0.308s,PASSED
,,,,,,,
Test Cases/Midtrans/CO06_Payment using invalid,Firefox 86.0,,,2021-03-02 11:02:55,2021-03-02 11:02:59,4.706s,PASSED
"click(findTestObject(""Midtrans/Select Payment/select_payment_cc""))",Firefox 86.0,,,2021-03-02 11:02:56,2021-03-02 11:02:56,0.106s,PASSED
"setText(findTestObject(""Midtrans/Credit_Debit Card/txt_expdate""), ""0125"")",Firefox 86.0,,,2021-03-02 11:02:56,2021-03-02 11:02:56,0.277s,PASSED
"setEncryptedText(findTestObject(""Midtrans/Credit_Debit Card/txt_cvv""), ""tzH6RvlfSTg="")",Firefox 86.0,,,2021-03-02 11:02:56,2021-03-02 11:02:57,0.591s,PASSED
"setText(findTestObject(""Midtrans/Credit_Debit Card/txt_cc""), ""4811111111111113"")",Firefox 86.0,,,2021-03-02 11:02:57,2021-03-02 11:02:57,0.432s,PASSED
"click(findTestObject(""Midtrans/Credit_Debit Card/chkbox_promo_10""))",Firefox 86.0,,,2021-03-02 11:02:57,2021-03-02 11:02:57,0.515s,PASSED
"actualAmount = getText(findTestObject(""Object Repository/Midtrans/Credit_Debit Card/amount_discount""))",Firefox 86.0,,,2021-03-02 11:02:57,2021-03-02 11:02:58,0.108s,PASSED
"expectedAmount = ""29,990""",Firefox 86.0,,,2021-03-02 11:02:58,2021-03-02 11:02:58,0.000s,PASSED
"verifyMatch(actualAmount, expectedAmount, false)",Firefox 86.0,,,2021-03-02 11:02:58,2021-03-02 11:02:58,0.002s,PASSED
"click(findTestObject(""Midtrans/Credit_Debit Card/btn_paynow""))",Firefox 86.0,,,2021-03-02 11:02:58,2021-03-02 11:02:58,0.304s,PASSED
"actualError = getText(findTestObject(""Midtrans/Credit_Debit Card/error_invalidcc""))",Firefox 86.0,,,2021-03-02 11:02:58,2021-03-02 11:02:58,0.117s,PASSED
"expectedError = ""Invalid card number""",Firefox 86.0,,,2021-03-02 11:02:58,2021-03-02 11:02:58,0.000s,PASSED
"verifyMatch(actualError, expectedError, false)",Firefox 86.0,,,2021-03-02 11:02:58,2021-03-02 11:02:58,0.003s,PASSED
closeBrowser(),Firefox 86.0,,,2021-03-02 11:02:58,2021-03-02 11:02:59,1.397s,PASSED
,,,,,,,
Test Cases/Midtrans/CO07_Change price,Firefox 86.0,,,2021-03-02 11:02:59,2021-03-02 11:03:29,29.617s,PASSED
openBrowser(webUrl),Firefox 86.0,,,2021-03-02 11:03:00,2021-03-02 11:03:10,10.132s,PASSED
"click(findTestObject(""Midtrans/Main/btn_buy""))",Firefox 86.0,,,2021-03-02 11:03:10,2021-03-02 11:03:11,0.731s,PASSED
"setText(findTestObject(""Midtrans/Shopping Cart/txt_amount_rupiah""), ""30000"")",Firefox 86.0,,,2021-03-02 11:03:11,2021-03-02 11:03:12,0.634s,PASSED
"click(findTestObject(""Midtrans/Shopping Cart/btn_checkout""), STOP_ON_FAILURE)",Firefox 86.0,,,2021-03-02 11:03:12,2021-03-02 11:03:12,0.733s,PASSED
closeBrowser(),Firefox 86.0,,,2021-03-02 11:03:12,2021-03-02 11:03:13,1.014s,PASSED
openBrowser(webUrl),Firefox 86.0,,,2021-03-02 11:03:13,2021-03-02 11:03:22,8.878s,PASSED
"actualPrice = getText(findTestObject(""Midtrans/Main/price_item""))",Firefox 86.0,,,2021-03-02 11:03:22,2021-03-02 11:03:23,0.571s,PASSED
"expectedPrice = ""30,000""",Firefox 86.0,,,2021-03-02 11:03:23,2021-03-02 11:03:23,0.000s,PASSED
if (actualPrice != expectedPrice),Firefox 86.0,,,2021-03-02 11:03:23,2021-03-02 11:03:29,6.205s,PASSED
,,,,,,,
Test Cases/Midtrans/CO09_Invalid customer data,Firefox 86.0,,,2021-03-02 11:03:29,2021-03-02 11:03:39,10.297s,PASSED
deleteAllCookies(),Firefox 86.0,,,2021-03-02 11:03:30,2021-03-02 11:03:30,0.012s,PASSED
"NegativeData = findTestData(""Data Files/Midtrans/Database Negative"")",Firefox 86.0,,,2021-03-02 11:03:30,2021-03-02 11:03:30,0.013s,PASSED
"for ([baris = 1, baris <= 3, (baris++)])",Firefox 86.0,,,2021-03-02 11:03:30,2021-03-02 11:03:38,8.571s,PASSED
closeBrowser(),Firefox 86.0,,,2021-03-02 11:03:38,2021-03-02 11:03:39,1.133s,PASSED
