Suite/Test/Step Name,Browser,Description,Tag,Start time,End time,Duration,Status
TS_00_Positive,Firefox 86.0,,,2021-03-01 15:15:29,2021-03-01 15:16:21,51.963s,PASSED
,,,,,,,
Test Cases/Midtrans/CO01_Navigate to url,Firefox 86.0,,,2021-03-01 15:15:31,2021-03-01 15:15:43,11.592s,PASSED
"openBrowser("""")",Firefox 86.0,,,2021-03-01 15:15:32,2021-03-01 15:15:39,7.179s,PASSED
navigateToUrl(webUrl),Firefox 86.0,,,2021-03-01 15:15:39,2021-03-01 15:15:43,3.419s,PASSED
actualResult = getUrl(),Firefox 86.0,,,2021-03-01 15:15:43,2021-03-01 15:15:43,0.055s,PASSED
"expectedResult = ""https://demo.midtrans.com/""",Firefox 86.0,,,2021-03-01 15:15:43,2021-03-01 15:15:43,0.001s,PASSED
"verifyMatch(actualResult, expectedResult, false)",Firefox 86.0,,,2021-03-01 15:15:43,2021-03-01 15:15:43,0.179s,PASSED
,,,,,,,
Test Cases/Midtrans/CO02_Add to cart,Firefox 86.0,,,2021-03-01 15:15:43,2021-03-01 15:15:45,1.560s,PASSED
"click(findTestObject(""Midtrans/Main/btn_buy""))",Firefox 86.0,,,2021-03-01 15:15:44,2021-03-01 15:15:45,0.741s,PASSED
,,,,,,,
Test Cases/Midtrans/CO03_Checkout process,Firefox 86.0,,,2021-03-01 15:15:45,2021-03-01 15:15:51,6.202s,PASSED
"setText(findTestObject(""Midtrans/Shopping Cart/txt_amount_rupiah""), ""30000"")",Firefox 86.0,,,2021-03-01 15:15:45,2021-03-01 15:15:46,0.648s,PASSED
"setText(findTestObject(""Midtrans/Shopping Cart/txt_name""), name)",Firefox 86.0,,,2021-03-01 15:15:46,2021-03-01 15:15:47,0.837s,PASSED
"setText(findTestObject(""Midtrans/Shopping Cart/txt_email""), email)",Firefox 86.0,,,2021-03-01 15:15:47,2021-03-01 15:15:48,1.139s,PASSED
"setText(findTestObject(""Midtrans/Shopping Cart/txt_phone_number""), phone)",Firefox 86.0,,,2021-03-01 15:15:48,2021-03-01 15:15:49,0.634s,PASSED
"setText(findTestObject(""Midtrans/Shopping Cart/txt_city""), city)",Firefox 86.0,,,2021-03-01 15:15:49,2021-03-01 15:15:49,0.578s,PASSED
"setText(findTestObject(""Midtrans/Shopping Cart/txt_address""), address)",Firefox 86.0,,,2021-03-01 15:15:49,2021-03-01 15:15:50,0.611s,PASSED
"setText(findTestObject(""Midtrans/Shopping Cart/txt_postal_code""), postalcode)",Firefox 86.0,,,2021-03-01 15:15:50,2021-03-01 15:15:50,0.585s,PASSED
"click(findTestObject(""Midtrans/Shopping Cart/btn_checkout""), STOP_ON_FAILURE)",Firefox 86.0,,,2021-03-01 15:15:50,2021-03-01 15:15:51,0.532s,PASSED
,,,,,,,
Test Cases/Midtrans/CO04_Order summary,Firefox 86.0,,,2021-03-01 15:15:51,2021-03-01 15:15:55,3.983s,PASSED
"switchToFrame(findTestObject(""Midtrans/Order Summary/order_summary_frame""), 0)",Firefox 86.0,,,2021-03-01 15:15:51,2021-03-01 15:15:52,0.333s,PASSED
delay(2),Firefox 86.0,,,2021-03-01 15:15:52,2021-03-01 15:15:54,2.019s,PASSED
"actualResult = getText(findTestObject(""Midtrans/Order Summary/name_product""))",Firefox 86.0,,,2021-03-01 15:15:54,2021-03-01 15:15:54,0.133s,PASSED
"expectedResult = ""Midtrans Pillow""",Firefox 86.0,,,2021-03-01 15:15:54,2021-03-01 15:15:54,0.001s,PASSED
"verifyMatch(actualResult, expectedResult, false)",Firefox 86.0,,,2021-03-01 15:15:54,2021-03-01 15:15:54,0.002s,PASSED
"actualAmount = getText(findTestObject(""Midtrans/Order Summary/table_amount""))",Firefox 86.0,,,2021-03-01 15:15:54,2021-03-01 15:15:54,0.208s,PASSED
"expectedAmount = ""30,000""",Firefox 86.0,,,2021-03-01 15:15:54,2021-03-01 15:15:54,0.000s,PASSED
"verifyMatch(actualAmount, expectedAmount, false)",Firefox 86.0,,,2021-03-01 15:15:54,2021-03-01 15:15:54,0.004s,PASSED
"click(findTestObject(""Midtrans/Order Summary/shipping_detail_tab""))",Firefox 86.0,,,2021-03-01 15:15:54,2021-03-01 15:15:54,0.297s,PASSED
"actualAmount = getText(findTestObject(""Midtrans/Order Summary/name_detail""))",Firefox 86.0,,,2021-03-01 15:15:54,2021-03-01 15:15:54,0.092s,PASSED
"expectedAmount = ""Budi Utomo""",Firefox 86.0,,,2021-03-01 15:15:54,2021-03-01 15:15:54,0.001s,PASSED
"verifyMatch(actualAmount, expectedAmount, false)",Firefox 86.0,,,2021-03-01 15:15:54,2021-03-01 15:15:54,0.003s,PASSED
"actualAmount = getText(findTestObject(""Midtrans/Order Summary/address_detail""))",Firefox 86.0,,,2021-03-01 15:15:54,2021-03-01 15:15:54,0.095s,PASSED
"expectedAmount = ""Jl. Kenangan No 5 Bandung 55166""",Firefox 86.0,,,2021-03-01 15:15:54,2021-03-01 15:15:54,0.000s,PASSED
"verifyMatch(actualAmount, expectedAmount, false)",Firefox 86.0,,,2021-03-01 15:15:54,2021-03-01 15:15:54,0.005s,PASSED
"actualAmount = getText(findTestObject(""Midtrans/Order Summary/phone_number_detail""))",Firefox 86.0,,,2021-03-01 15:15:54,2021-03-01 15:15:55,0.108s,PASSED
"expectedAmount = ""+62887654321""",Firefox 86.0,,,2021-03-01 15:15:55,2021-03-01 15:15:55,0.000s,PASSED
"verifyMatch(actualAmount, expectedAmount, false)",Firefox 86.0,,,2021-03-01 15:15:55,2021-03-01 15:15:55,0.004s,PASSED
"actualAmount = getText(findTestObject(""Midtrans/Order Summary/email_detail""))",Firefox 86.0,,,2021-03-01 15:15:55,2021-03-01 15:15:55,0.089s,PASSED
"expectedAmount = ""budi@utomo.com""",Firefox 86.0,,,2021-03-01 15:15:55,2021-03-01 15:15:55,0.001s,PASSED
"verifyMatch(actualAmount, expectedAmount, false)",Firefox 86.0,,,2021-03-01 15:15:55,2021-03-01 15:15:55,0.005s,PASSED
"click(findTestObject(""Midtrans/Order Summary/btn_continue""))",Firefox 86.0,,,2021-03-01 15:15:55,2021-03-01 15:15:55,0.113s,PASSED
,,,,,,,
Test Cases/Midtrans/CO05_Payment process,Firefox 86.0,,,2021-03-01 15:15:55,2021-03-01 15:16:21,26.306s,PASSED
switchToDefaultContent(),Firefox 86.0,,,2021-03-01 15:15:55,2021-03-01 15:15:55,0.029s,PASSED
"click(findTestObject(""Object Repository/Record Midtrans/Page_Sample Store/select_cc""))",Firefox 86.0,,,2021-03-01 15:15:55,2021-03-01 15:15:56,0.506s,PASSED
"setText(findTestObject(""Object Repository/Record Midtrans/Page_Sample Store/txt_cc""), ""4811 1111 1111 1114"")",Firefox 86.0,,,2021-03-01 15:15:56,2021-03-01 15:15:57,0.855s,PASSED
"setText(findTestObject(""Object Repository/Record Midtrans/Page_Sample Store/txt_exp_cc""), ""01 / 25"")",Firefox 86.0,,,2021-03-01 15:15:57,2021-03-01 15:15:58,1.047s,PASSED
"setText(findTestObject(""Object Repository/Record Midtrans/Page_Sample Store/txt_cvv""), ""123"")",Firefox 86.0,,,2021-03-01 15:15:58,2021-03-01 15:15:58,0.515s,PASSED
"click(findTestObject(""Object Repository/Record Midtrans/Page_Sample Store/promo_10""))",Firefox 86.0,,,2021-03-01 15:15:58,2021-03-01 15:15:59,0.725s,PASSED
"click(findTestObject(""Object Repository/Record Midtrans/Page_Sample Store/btn_PAYNOW""))",Firefox 86.0,,,2021-03-01 15:15:59,2021-03-01 15:16:00,0.595s,PASSED
delay(10),Firefox 86.0,,,2021-03-01 15:16:00,2021-03-01 15:16:10,10.004s,PASSED
"setEncryptedText(findTestObject(""Object Repository/Record Midtrans/Page_Sample Store/txt_password_otp""), ""4tAN/DuJV7Y="")",Firefox 86.0,,,2021-03-01 15:16:10,2021-03-01 15:16:10,0.537s,PASSED
"click(findTestObject(""Object Repository/Record Midtrans/Page_Sample Store/btn_OK_otp""))",Firefox 86.0,,,2021-03-01 15:16:10,2021-03-01 15:16:12,1.376s,PASSED
delay(7),Firefox 86.0,,,2021-03-01 15:16:12,2021-03-01 15:16:19,7.003s,PASSED
"verifyTextPresent(""Thank you for your purchase."", false)",Firefox 86.0,,,2021-03-01 15:16:19,2021-03-01 15:16:19,0.734s,PASSED
"verifyTextPresent(""Get a nice sleep."", false)",Firefox 86.0,,,2021-03-01 15:16:19,2021-03-01 15:16:20,0.716s,PASSED
closeBrowser(),Firefox 86.0,,,2021-03-01 15:16:20,2021-03-01 15:16:21,1.054s,PASSED
